name,purpose
"Haley, Reynolds and Robertson",Sharable motivating pricing structure for empower collaborative methodologies
Jennings LLC,Assimilated exuding model for aggregate transparent niches
Price Inc,Universal dynamic analyzer for deliver ubiquitous web-readiness
"Mills, Carrillo and Sweeney",Digitized systematic capability for enable extensible architectures
Lloyd-Martin,Balanced reciprocal benchmark for integrate mission-critical systems
Hudson Inc,Function-based full-range instruction set for integrate world-class synergies
"Johnson, Johnson and Campbell",Diverse clear-thinking complexity for deliver front-end e-markets
"Jennings, Payne and Rodriguez",Compatible transitional moderator for engage efficient niches
Morris LLC,Optional systematic function for cultivate holistic supply-chains
Jones-Hayes,Enterprise-wide solution-oriented Internet solution for benchmark intuitive e-markets
Mccoy-Molina,Reverse-engineered optimal algorithm for streamline strategic interfaces
Casey Group,Proactive context-sensitive capacity for mesh world-class infrastructures
"Dyer, Chen and Jackson",Upgradable empowering alliance for synthesize proactive architectures
"Martin, Smith and Nelson",Proactive upward-trending hardware for empower wireless supply-chains
Clark Inc,Object-based radical database for cultivate turn-key initiatives
"Hughes, Pineda and Allen",Sharable background moratorium for visualize user-centric technologies
Rivera-Warner,Horizontal static frame for facilitate 24/7 relationships
"Wyatt, Watson and Diaz",Optional 5thgeneration implementation for deploy integrated platforms
Bryant Ltd,Phased impactful support for redefine granular relationships
"Gray, Turner and Hall",Monitored asymmetric attitude for syndicate viral channels
"Baker, Perry and Doyle",Cross-group client-driven support for incubate 24/7 paradigms
"Duran, Hayes and Martin",Cross-group 24hour info-mediaries for redefine end-to-end action-items
"Simon, Moore and Ford",Secured dynamic concept for mesh mission-critical web-readiness
Butler-Montgomery,Innovative intermediate utilization for generate dynamic interfaces
Rodriguez Inc,Self-enabling fresh-thinking structure for reinvent best-of-breed supply-chains
"Hughes, Davis and Leblanc",Fully-configurable 4thgeneration approach for expedite killer synergies
"Schmidt, Palmer and Fisher",Digitized foreground ability for harness intuitive communities
"Lee, Howe and Cook",Profound asynchronous info-mediaries for iterate value-added action-items
Rivera-Reed,Open-architected fresh-thinking task-force for enable 24/7 markets
Allen-Stephenson,Upgradable maximized budgetary management for productize plug-and-play channels
Rios Inc,Compatible next generation conglomeration for streamline open-source e-business
"Summers, Frank and Cook",Enterprise-wide hybrid database for engage enterprise ROI
"Hull, Newman and Gallagher",Cross-group homogeneous software for leverage dynamic infrastructures
Brown-Byrd,Realigned even-keeled paradigm for matrix robust paradigms
"Mills, Reynolds and Chen",User-friendly real-time instruction set for envisioneer value-added web services
Velazquez Group,Public-key bi-directional Graphical User Interface for unleash mission-critical paradigms
Best LLC,Reduced transitional Local Area Network for unleash interactive markets
Garcia-Nguyen,Secured contextually-based moratorium for enable rich markets
Mayer-Bullock,Realigned local function for iterate robust architectures
"Hernandez, Warren and Richardson",Sharable uniform moderator for empower ubiquitous relationships
"Bradshaw, Goodman and Lara",Reactive tangible software for embrace seamless users
Hughes LLC,Innovative static complexity for utilize seamless users
"Patterson, Roy and Vazquez",Switchable scalable benchmark for enhance e-business supply-chains
"Beck, Evans and Gill",Multi-channeled motivating hardware for envisioneer wireless systems
Daniels and Sons,Object-based leadingedge open architecture for unleash turn-key markets
Williams PLC,Reverse-engineered interactive Graphic Interface for benchmark transparent architectures
"Stevens, Wagner and Huynh",Exclusive asymmetric extranet for disintermediate real-time deliverables
Graham-Gallagher,Operative zero tolerance solution for engineer compelling eyeballs
Collins Ltd,Synergistic radical framework for exploit 24/7 supply-chains
